id,id_sent,message,viewed,id_recieved,stories,event_datetime
1,169,I'm not fat,0,988,,2022-05-21 06:27:13
2,447,,,,Why did the coffee file a police report? It got mugged!,2022-06-19 00:33:11
3,865,I'm just on energy-saving mode.,1,627,,2022-10-13 22:45:36
4,848,,,,What did the grape say when it got stepped on? Nothing,2022-08-26 20:30:17
5,986,,,,Why did the chicken cross the playground? To get to the other slide!,2022-04-06 18:24:49
6,786,,,,it just let out a little wine!,2022-04-11 03:28:04
7,668,,,,Why did the chicken cross the playground? To get to the other slide!,2022-10-12 16:32:27
8,587,,,,Why did the chicken cross the playground? To get to the other slide!,2022-12-23 12:09:37
9,597,,,,What do you call an alligator in a vest? An investigator!,2022-09-09 23:18:58
10,546,I'm just limited edition.,1,887,,2022-05-06 10:44:45
11,701,,,,I told my wife she was drawing her eyebrows too high. She looked surprised.,2022-05-14 11:43:04
12,351,I'm not lazy,1,151,,2023-02-02 12:30:01
13,652,,,,What do you get when you cross a snowman and a shark? Frostbite!,2023-01-31 21:28:47
14,837,,,,I told my wife she was drawing her eyebrows too high. She looked surprised.,2022-02-20 03:38:31
15,428,I'm just taking the floor for a hug!,1,307,,2022-08-02 20:30:02
16,486,I'm not weird,0,714,,2022-02-23 06:52:19
17,43,I'm not lazy,0,675,,2023-01-30 13:16:52
18,458,Why do they put locks on the doors of 24-hour stores?,1,508,,2022-12-16 11:39:09
19,440,,,,Why don't skeletons fight each other? They don't have the guts!,2022-11-24 09:57:57
20,269,I'm not lazy,1,249,,2022-03-25 02:08:10
21,140,If money doesn't grow on trees,0,449,,2022-03-29 15:14:01
22,260,,,,Why don't scientists trust atoms? Because they make up everything!,2022-03-28 04:37:04
23,408,,,,Why did the coffee file a police report? It got mugged!,2022-07-14 23:27:40
24,515,I'm just conserving energy.,0,915,,2022-12-27 07:55:07
25,933,I'm just conserving energy.,1,308,,2022-10-04 00:49:46
26,22,,,,it just let out a little wine!,2022-06-22 22:13:25
27,273,,,,What do you call an alligator in a vest? An investigator!,2022-10-03 20:34:23
28,916,I'm not clumsy,0,761,,2022-12-05 17:41:38
29,887,I'm just conserving energy.,1,968,,2022-11-05 18:35:18
30,483,I'm not fat,1,483,,2023-01-23 01:38:05
31,732,I'm not arguing,1,48,,2022-10-16 12:26:26
32,938,,,,Why did the tomato turn red? Because it saw the salad dressing!,2022-11-16 04:48:19
33,786,then skydiving isn't for you.,0,247,,2022-11-19 06:41:17
34,896,I'm just using my outside voice.,1,888,,2022-04-30 10:56:44
35,573,,,,Why couldn't the bicycle stand up by itself? Because it was two-tired!,2023-02-09 16:49:36
36,477,,,,What do you call an alligator in a vest? An investigator!,2022-05-01 15:04:35
37,279,,,,Why did the coffee file a police report? It got mugged!,2022-06-06 02:25:50
38,942,If money doesn't grow on trees,0,70,,2022-09-06 22:27:50
39,220,I'm just on my own timezone.,0,776,,2022-11-24 19:55:43
40,249,,,,What did the grape say when it got stepped on? Nothing,2022-11-07 01:49:24
41,798,,,,What do you get when you cross a snowman and a shark? Frostbite!,2022-07-10 18:25:46
42,524,,,,Why couldn't the bicycle stand up by itself? Because it was two-tired!,2022-10-04 18:10:10
43,43,,,,Why couldn't the bicycle stand up by itself? Because it was two-tired!,2023-01-09 20:02:19
44,684,,,,Why don't skeletons fight each other? They don't have the guts!,2022-09-03 08:09:42
45,681,,,,What do you call an alligator in a vest? An investigator!,2022-10-07 18:56:47
46,394,then why do banks have branches?,1,214,,2022-10-15 11:56:45
47,510,,,,What do you get when you cross a snowman and a shark? Frostbite!,2022-11-09 10:30:15
48,350,,,,Why did the tomato turn red? Because it saw the salad dressing!,2022-06-21 20:50:36
49,975,,,,Why did the coffee file a police report? It got mugged!,2022-09-20 13:40:53
50,871,I'm just concentrated awesome!,0,499,,2022-11-17 17:02:35
51,190,then why do banks have branches?,1,28,,2022-10-23 19:24:08
52,525,Why do they call it rush hour when nothing moves?,1,58,,2022-04-08 12:12:07
53,826,,,,What do you get when you cross a snowman and a shark? Frostbite!,2022-10-17 03:34:30
54,299,,,,Why don't scientists trust atoms? Because they make up everything!,2022-11-19 01:10:45
55,165,,,,it just let out a little wine!,2022-09-15 22:26:15
56,797,,,,What do you get when you cross a snowman and a shark? Frostbite!,2023-01-18 20:56:37
57,771,I'm not arguing,0,621,,2022-07-18 16:43:02
58,262,,,,Why did the chicken cross the playground? To get to the other slide!,2022-10-23 10:06:12
59,192,I'm just on energy-saving mode.,0,419,,2022-12-25 09:59:03
60,408,I'm not weird,0,207,,2022-11-21 15:35:51
61,543,I'm just conserving energy.,1,346,,2022-08-12 17:15:48
62,543,I'm not late,1,818,,2022-04-06 06:51:44
63,999,,,,it just let out a little wine!,2023-01-01 03:11:05
64,627,,,,it just let out a little wine!,2022-07-28 20:10:31
65,834,I'm just easier to see!,0,906,,2022-04-18 07:23:26
66,471,I'm not lazy,0,830,,2022-10-23 12:09:37
67,837,I'm just concentrated awesome!,0,425,,2022-04-15 14:44:10
68,384,,,,Why don't skeletons fight each other? They don't have the guts!,2022-07-27 18:26:22
69,450,,,,Why couldn't the bicycle stand up by itself? Because it was two-tired!,2022-11-30 04:45:19
70,865,,,,What do you get when you cross a snowman and a shark? Frostbite!,2022-12-08 07:13:44
71,998,I'm just explaining why I'm right.,1,566,,2022-05-12 00:09:28
72,869,,,,I told my wife she was drawing her eyebrows too high. She looked surprised.,2023-02-16 07:39:31
73,422,I'm not arguing,1,752,,2022-08-30 14:52:27
74,531,I'm just explaining why I'm right.,0,19,,2022-04-11 22:31:55
75,499,then why do banks have branches?,1,99,,2023-02-02 05:54:04
76,140,,,,Why don't scientists trust atoms? Because they make up everything!,2022-03-19 08:11:53
77,237,I'm just conserving energy.,1,934,,2022-07-17 13:59:15
78,620,If money doesn't grow on trees,1,563,,2023-02-21 01:20:56
79,662,,,,I told my wife she was drawing her eyebrows too high. She looked surprised.,2022-04-18 21:19:22
80,947,,,,Why did the chicken cross the playground? To get to the other slide!,2022-08-01 20:18:20
81,370,,,,What do you call an alligator in a vest? An investigator!,2022-12-16 05:41:01
82,538,I'm just conserving energy.,1,930,,2022-09-09 01:31:17
83,944,,,,Why did the tomato turn red? Because it saw the salad dressing!,2022-04-28 03:38:05
84,748,I'm not lazy,1,189,,2022-08-08 06:14:19
85,272,,,,What do you call an alligator in a vest? An investigator!,2022-12-09 12:04:29
86,7,I'm not weird,0,495,,2022-08-03 03:01:28
87,820,,,,Why don't scientists trust atoms? Because they make up everything!,2023-01-27 16:30:13
88,519,I'm just conserving energy.,0,513,,2022-04-23 13:43:30
89,814,I'm just concentrated awesome!,1,244,,2022-05-05 16:49:54
90,387,I'm just limited edition.,0,974,,2022-08-14 21:44:15
91,821,,,,Why did the coffee file a police report? It got mugged!,2022-07-30 04:59:03
92,194,,,,Why did the chicken cross the playground? To get to the other slide!,2022-02-22 05:03:01
93,768,I'm just conserving energy.,0,788,,2022-05-12 14:40:06
94,458,,,,Why couldn't the bicycle stand up by itself? Because it was two-tired!,2022-08-23 14:56:17
95,342,,,,it just let out a little wine!,2023-01-13 19:10:39
96,363,I'm just explaining why I'm right.,0,709,,2022-11-08 18:49:54
97,951,,,,Why did the tomato turn red? Because it saw the salad dressing!,2023-01-08 08:47:33
98,327,,,,Why did the coffee file a police report? It got mugged!,2022-05-16 11:47:40
99,471,If money doesn't grow on trees,0,626,,2022-03-16 16:56:27
100,560,I'm not clumsy,0,407,,2022-12-18 14:29:06
101,310,,,,Why couldn't the bicycle stand up by itself? Because it was two-tired!,2022-08-31 13:43:51
102,342,,,,Why couldn't the bicycle stand up by itself? Because it was two-tired!,2022-09-13 06:49:09
103,582,,,,it just let out a little wine!,2022-12-16 05:27:51
104,591,,,,Why did the tomato turn red? Because it saw the salad dressing!,2022-06-19 18:55:53
105,446,Why do they call it rush hour when nothing moves?,0,947,,2022-07-25 05:38:31
106,580,Why do they call it rush hour when nothing moves?,0,649,,2022-09-25 21:45:45
107,207,I'm not fat,0,74,,2023-02-22 02:57:02
108,375,I'm not weird,1,166,,2022-08-30 23:53:33
109,263,Why do we park in a driveway and drive on a parkway?,0,496,,2022-08-10 20:27:33
110,9,If money doesn't grow on trees,0,1000,,2022-10-25 21:34:05
111,355,then why do banks have branches?,1,638,,2022-03-07 10:43:40
112,679,Why do we say heads up when we actually duck?,1,362,,2023-01-21 19:12:40
113,789,I'm just on energy-saving mode.,0,386,,2022-02-24 23:44:51
114,887,,,,Why don't skeletons fight each other? They don't have the guts!,2022-03-09 00:08:41
115,768,,,,Why don't scientists trust atoms? Because they make up everything!,2022-04-12 08:21:10
116,736,I'm just taking the floor for a hug!,0,629,,2022-04-01 18:15:01
117,840,,,,Why couldn't the bicycle stand up by itself? Because it was two-tired!,2022-05-23 18:37:35
118,319,I'm just on energy-saving mode.,1,480,,2022-08-17 15:46:33
119,907,I'm just limited edition.,0,615,,2023-02-06 01:05:19
120,525,I'm not lazy,1,172,,2022-08-25 23:27:08
121,406,I'm not lazy,0,633,,2022-07-12 16:06:47
122,779,,,,What did the grape say when it got stepped on? Nothing,2023-01-09 03:34:38
123,422,,,,Why couldn't the bicycle stand up by itself? Because it was two-tired!,2022-12-19 18:00:57
124,482,I'm just using my outside voice.,0,355,,2022-12-01 06:03:18
125,397,,,,What do you get when you cross a snowman and a shark? Frostbite!,2023-02-11 16:23:14
126,683,I'm just using my outside voice.,1,334,,2022-03-01 10:50:19
127,901,then why do banks have branches?,1,662,,2022-12-29 18:22:09
128,1000,,,,Why did the coffee file a police report? It got mugged!,2022-10-29 03:07:48
129,254,I'm just easier to see!,0,373,,2022-10-06 13:03:15
130,892,Why do they call it rush hour when nothing moves?,1,442,,2022-06-30 03:28:33
131,65,,,,Why did the tomato turn red? Because it saw the salad dressing!,2022-05-21 19:55:18
132,89,then skydiving isn't for you.,0,486,,2023-01-08 23:00:14
133,109,,,,it just let out a little wine!,2022-07-04 17:19:11
134,141,,,,What do you call an alligator in a vest? An investigator!,2022-11-06 15:06:29
135,500,,,,it just let out a little wine!,2022-06-22 01:44:34
136,10,,,,Why did the coffee file a police report? It got mugged!,2022-12-22 13:40:50
137,986,,,,What do you call an alligator in a vest? An investigator!,2022-04-16 11:28:19
138,781,,,,What do you call an alligator in a vest? An investigator!,2022-04-08 23:45:30
139,440,I'm not short,0,541,,2022-03-28 02:04:02
140,701,I'm not lazy,1,78,,2022-08-25 15:41:55
141,337,then why do banks have branches?,0,689,,2022-06-14 12:20:37
142,349,then skydiving isn't for you.,1,401,,2022-03-13 12:42:47
143,422,,,,Why did the tomato turn red? Because it saw the salad dressing!,2022-06-19 09:48:03
144,911,,,,Why couldn't the bicycle stand up by itself? Because it was two-tired!,2022-08-03 20:39:36
145,800,,,,Why don't scientists trust atoms? Because they make up everything!,2022-03-24 20:04:29
146,45,,,,I told my wife she was drawing her eyebrows too high. She looked surprised.,2022-12-20 23:00:27
147,707,,,,What do you get when you cross a snowman and a shark? Frostbite!,2022-08-30 05:02:09
148,849,If money doesn't grow on trees,0,567,,2022-07-11 04:22:05
149,359,I'm not lazy,1,502,,2023-01-19 12:47:27
150,854,If money doesn't grow on trees,0,723,,2022-11-24 02:30:19
151,439,,,,Why did the tomato turn red? Because it saw the salad dressing!,2022-05-28 09:41:41
152,191,,,,Why did the tomato turn red? Because it saw the salad dressing!,2022-07-17 19:26:58
153,766,,,,Why couldn't the bicycle stand up by itself? Because it was two-tired!,2022-09-14 00:23:01
154,597,I'm just taking the floor for a hug!,1,764,,2022-07-03 01:18:50
155,323,I'm not arguing,0,251,,2022-03-26 20:17:40
156,815,I'm just on my own timezone.,1,527,,2022-10-27 21:24:58
157,413,then skydiving isn't for you.,1,533,,2022-11-10 07:29:44
158,236,I'm not lazy,1,594,,2022-04-05 13:49:25
159,390,Why do we park in a driveway and drive on a parkway?,1,15,,2023-01-22 19:11:00
160,530,I'm not lazy,0,153,,2023-01-18 06:20:43
161,946,,,,Why did the chicken cross the playground? To get to the other slide!,2022-04-04 16:00:20
162,322,I'm not short,1,203,,2022-07-14 20:19:14
163,766,I'm not fat,0,222,,2022-05-18 21:24:20
164,611,I'm just easier to see!,0,808,,2022-05-11 11:39:44
165,961,I'm not arguing,0,785,,2022-03-26 05:14:03
166,864,I'm not arguing,1,749,,2022-09-23 17:24:33
167,261,I'm just on my own timezone.,1,150,,2022-11-15 07:05:35
168,495,I'm not lazy,0,608,,2023-01-28 07:08:36
169,561,then why do banks have branches?,1,295,,2022-12-04 19:19:41
170,379,,,,Why don't skeletons fight each other? They don't have the guts!,2022-12-09 10:59:53
171,497,I'm not arguing,0,275,,2022-10-07 19:46:10
172,263,If money doesn't grow on trees,1,875,,2022-07-03 22:43:10
173,474,Why do they put locks on the doors of 24-hour stores?,0,343,,2022-07-22 00:07:24
174,235,,,,Why don't scientists trust atoms? Because they make up everything!,2023-02-21 18:37:19
175,252,I'm just limited edition.,1,989,,2022-06-16 07:59:42
176,655,,,,Why couldn't the bicycle stand up by itself? Because it was two-tired!,2022-04-21 12:30:11
177,505,I'm just easier to see!,1,413,,2023-01-06 20:09:55
178,185,,,,Why don't skeletons fight each other? They don't have the guts!,2022-11-26 23:59:24
179,366,I'm just easier to see!,0,911,,2022-08-29 11:05:38
180,38,I'm not lazy,1,655,,2022-02-27 11:51:56
181,486,,,,Why did the tomato turn red? Because it saw the salad dressing!,2022-10-18 12:45:22
182,772,,,,Why couldn't the bicycle stand up by itself? Because it was two-tired!,2022-07-16 22:50:03
183,171,,,,What do you call an alligator in a vest? An investigator!,2022-09-29 08:39:48
184,667,,,,What did the grape say when it got stepped on? Nothing,2022-07-26 07:38:22
185,92,I'm just conserving energy.,0,448,,2022-03-16 00:43:09
186,876,,,,Why don't scientists trust atoms? Because they make up everything!,2022-05-20 00:40:21
187,587,I'm not weird,0,258,,2022-12-12 00:36:18
188,966,I'm not short,1,307,,2023-02-19 00:31:40
189,261,Why do they put locks on the doors of 24-hour stores?,1,552,,2022-11-01 16:18:31
190,321,,,,What do you call an alligator in a vest? An investigator!,2022-06-06 17:31:23
191,847,,,,Why don't skeletons fight each other? They don't have the guts!,2023-01-14 00:51:16
192,464,Why do they put locks on the doors of 24-hour stores?,1,290,,2022-09-22 14:24:25
193,167,If at first you don't succeed,0,739,,2023-01-19 08:23:10
194,572,,,,Why don't skeletons fight each other? They don't have the guts!,2022-08-23 13:33:53
195,110,,,,it just let out a little wine!,2022-10-23 11:33:05
196,819,I'm just easier to see!,1,143,,2022-12-28 15:54:28
197,667,I'm not arguing,1,106,,2022-08-28 11:34:52
198,20,,,,What do you get when you cross a snowman and a shark? Frostbite!,2022-10-22 08:10:44
199,641,I'm just on my own timezone.,0,200,,2022-04-01 17:57:27
200,854,I'm just explaining why I'm right.,0,209,,2022-06-26 03:31:47
201,716,,,,What do you get when you cross a snowman and a shark? Frostbite!,2022-10-04 15:15:43
202,402,,,,What do you call an alligator in a vest? An investigator!,2022-11-05 23:25:36
203,527,,,,it just let out a little wine!,2023-01-20 22:57:34
204,461,,,,it just let out a little wine!,2023-01-02 14:19:39
205,978,,,,Why did the coffee file a police report? It got mugged!,2022-05-04 07:26:47
206,828,,,,Why did the tomato turn red? Because it saw the salad dressing!,2022-04-20 12:12:37
207,719,I'm just conserving energy.,0,15,,2022-08-21 15:58:24
208,688,I'm just taking the floor for a hug!,1,856,,2022-10-07 01:56:48
209,861,,,,it just let out a little wine!,2022-03-28 19:23:57
210,649,,,,What do you call an alligator in a vest? An investigator!,2022-10-15 05:52:25
211,945,I'm just concentrated awesome!,1,574,,2022-04-30 21:14:29
212,428,,,,Why couldn't the bicycle stand up by itself? Because it was two-tired!,2022-04-06 09:52:25
213,721,If at first you don't succeed,0,954,,2022-10-03 20:51:09
214,549,I'm not fat,0,947,,2022-11-02 20:33:33
215,682,I'm just explaining why I'm right.,1,379,,2022-02-20 22:44:37
216,838,I'm just taking the floor for a hug!,0,155,,2023-01-03 19:15:00
217,960,I'm just taking the floor for a hug!,1,405,,2022-10-07 09:38:49
218,602,,,,Why did the chicken cross the playground? To get to the other slide!,2022-08-29 08:03:04
219,260,I'm not arguing,0,784,,2022-06-19 21:23:39
220,391,I'm just explaining why I'm right.,1,350,,2023-01-15 20:22:16
221,975,I'm just easier to see!,1,63,,2022-05-22 15:58:22
222,466,,,,I told my wife she was drawing her eyebrows too high. She looked surprised.,2023-02-15 02:59:01
223,54,,,,Why did the chicken cross the playground? To get to the other slide!,2022-12-22 19:18:09
224,16,Why do we park in a driveway and drive on a parkway?,0,757,,2022-11-12 23:50:17
225,405,I'm just taking the floor for a hug!,0,762,,2022-03-26 16:21:20
226,627,,,,Why don't scientists trust atoms? Because they make up everything!,2022-09-28 16:11:09
227,336,Why do we park in a driveway and drive on a parkway?,1,974,,2022-08-21 07:52:18
228,429,I'm not arguing,1,696,,2022-04-10 13:53:58
229,645,,,,What do you get when you cross a snowman and a shark? Frostbite!,2022-04-07 21:24:48
230,675,I'm just on energy-saving mode.,0,996,,2022-10-30 10:49:22
231,142,,,,Why did the coffee file a police report? It got mugged!,2022-06-18 12:47:35
232,788,,,,What do you get when you cross a snowman and a shark? Frostbite!,2022-11-11 19:13:30
233,44,I'm just explaining why I'm right.,1,388,,2023-02-04 16:11:16
234,418,I'm just on energy-saving mode.,1,350,,2022-12-20 16:53:53
235,730,,,,What do you get when you cross a snowman and a shark? Frostbite!,2023-01-28 21:12:46
236,757,Why do we say heads up when we actually duck?,1,791,,2022-12-27 00:50:36
237,639,,,,Why did the coffee file a police report? It got mugged!,2022-10-27 04:46:02
238,150,then why do banks have branches?,0,858,,2022-10-15 17:45:30
239,117,I'm just concentrated awesome!,0,912,,2022-06-25 08:37:05
240,938,I'm not arguing,0,418,,2023-01-03 10:08:15
241,827,I'm just easier to see!,0,445,,2023-01-22 03:23:57
242,230,,,,Why don't skeletons fight each other? They don't have the guts!,2022-09-29 09:35:32
243,220,I'm not lazy,0,66,,2022-02-22 19:52:06
244,305,,,,Why don't skeletons fight each other? They don't have the guts!,2022-04-09 10:36:38
245,823,,,,Why did the tomato turn red? Because it saw the salad dressing!,2022-07-05 04:56:47
246,81,,,,What do you get when you cross a snowman and a shark? Frostbite!,2022-06-14 13:26:54
247,667,,,,What do you get when you cross a snowman and a shark? Frostbite!,2022-02-26 13:48:36
248,675,Why do we say heads up when we actually duck?,0,442,,2022-09-18 16:37:04
249,428,,,,Why don't skeletons fight each other? They don't have the guts!,2022-04-19 09:59:54
250,769,I'm not lazy,0,340,,2023-01-27 08:48:38
251,277,I'm just using my outside voice.,0,919,,2022-09-13 19:23:26
252,310,,,,Why did the chicken cross the playground? To get to the other slide!,2022-03-13 14:02:18
253,430,Why do they call it rush hour when nothing moves?,1,204,,2023-01-15 09:43:17
254,281,I'm not fat,0,475,,2022-09-14 21:29:25
255,216,,,,I told my wife she was drawing her eyebrows too high. She looked surprised.,2022-04-13 15:08:17
256,285,I'm just easier to see!,0,583,,2023-02-19 15:32:05
257,610,,,,it just let out a little wine!,2022-12-01 20:17:53
258,42,,,,What did the grape say when it got stepped on? Nothing,2022-05-17 02:59:10
259,412,Why do they call it rush hour when nothing moves?,1,973,,2022-08-22 18:31:49
260,715,,,,it just let out a little wine!,2022-02-22 15:27:55
261,35,then skydiving isn't for you.,0,816,,2023-01-31 09:27:48
262,289,I'm just explaining why I'm right.,1,569,,2023-01-30 02:12:40
263,686,,,,Why did the coffee file a police report? It got mugged!,2022-10-10 23:24:19
264,278,I'm not lazy,0,182,,2022-07-07 22:59:52
265,978,,,,What did the grape say when it got stepped on? Nothing,2022-04-01 13:12:47
266,435,Why do we park in a driveway and drive on a parkway?,0,459,,2022-07-10 07:23:36
267,630,,,,Why don't skeletons fight each other? They don't have the guts!,2022-02-18 01:09:29
268,616,I'm not lazy,1,112,,2022-02-22 02:00:19
269,30,,,,Why couldn't the bicycle stand up by itself? Because it was two-tired!,2022-07-15 13:51:50
270,550,If money doesn't grow on trees,1,665,,2022-03-16 23:09:58
271,390,Why do they put locks on the doors of 24-hour stores?,0,781,,2022-05-09 19:12:50
272,388,I'm not clumsy,0,892,,2022-04-22 19:40:08
273,3,,,,What do you get when you cross a snowman and a shark? Frostbite!,2022-08-02 15:24:59
274,16,I'm not arguing,1,642,,2022-06-18 04:09:51
275,110,,,,What did the grape say when it got stepped on? Nothing,2022-12-31 23:04:42
276,694,then skydiving isn't for you.,1,140,,2022-03-28 13:21:59
277,201,I'm just easier to see!,0,593,,2022-10-05 14:38:18
278,847,Why do we say heads up when we actually duck?,0,897,,2022-03-17 19:54:28
279,94,I'm just conserving energy.,0,416,,2023-01-18 16:24:01
280,420,,,,Why don't scientists trust atoms? Because they make up everything!,2022-10-08 05:39:27
281,56,Why do they put locks on the doors of 24-hour stores?,0,677,,2022-09-09 09:30:01
282,613,,,,Why don't scientists trust atoms? Because they make up everything!,2022-09-26 11:01:30
283,273,,,,What do you get when you cross a snowman and a shark? Frostbite!,2022-12-05 13:18:17
284,827,,,,What do you call an alligator in a vest? An investigator!,2022-08-06 23:54:48
285,193,,,,I told my wife she was drawing her eyebrows too high. She looked surprised.,2022-08-13 17:42:51
286,962,,,,What did the grape say when it got stepped on? Nothing,2022-09-10 13:59:03
287,922,,,,What do you get when you cross a snowman and a shark? Frostbite!,2022-11-14 16:12:46
288,118,,,,Why did the coffee file a police report? It got mugged!,2022-07-23 04:41:58
289,522,I'm not clumsy,0,761,,2022-06-25 12:19:57
290,637,I'm not short,1,788,,2022-08-18 16:59:05
291,456,,,,What did the grape say when it got stepped on? Nothing,2023-02-18 12:46:40
292,194,,,,Why did the chicken cross the playground? To get to the other slide!,2023-01-24 10:43:00
293,855,,,,What do you get when you cross a snowman and a shark? Frostbite!,2022-05-10 07:32:18
294,991,Why do we say heads up when we actually duck?,0,547,,2022-02-18 15:58:15
295,787,,,,Why did the chicken cross the playground? To get to the other slide!,2022-12-04 16:07:12
296,96,I'm not lazy,0,735,,2022-11-22 08:54:10
297,846,Why do we say heads up when we actually duck?,1,477,,2022-09-28 08:46:21
298,130,I'm just concentrated awesome!,0,5,,2022-06-27 00:45:10
299,907,,,,Why don't scientists trust atoms? Because they make up everything!,2022-12-11 21:52:24
300,734,I'm not arguing,0,519,,2022-03-07 20:02:23
301,954,I'm not short,0,672,,2022-03-21 23:50:45
302,329,,,,Why did the tomato turn red? Because it saw the salad dressing!,2022-07-15 04:32:42
303,389,,,,Why don't skeletons fight each other? They don't have the guts!,2023-01-01 22:28:11
304,9,then why do banks have branches?,1,70,,2022-07-28 20:19:22
305,720,If at first you don't succeed,0,237,,2022-10-24 20:10:33
306,407,,,,What do you get when you cross a snowman and a shark? Frostbite!,2023-02-06 03:20:24
307,399,I'm just explaining why I'm right.,1,62,,2022-07-10 12:52:16
308,409,,,,Why don't scientists trust atoms? Because they make up everything!,2022-03-01 13:55:28
309,166,,,,Why couldn't the bicycle stand up by itself? Because it was two-tired!,2023-01-14 03:10:49
310,862,I'm not fat,1,691,,2023-02-03 11:45:23
311,864,I'm not clumsy,1,766,,2022-08-19 22:31:56
312,560,I'm not late,1,99,,2022-09-19 06:29:53
313,834,,,,What do you call an alligator in a vest? An investigator!,2022-07-26 04:37:42
314,702,I'm just concentrated awesome!,0,141,,2022-04-21 10:24:44
315,341,,,,Why did the tomato turn red? Because it saw the salad dressing!,2022-02-16 13:30:50
316,966,,,,it just let out a little wine!,2022-08-01 08:33:43
317,734,I'm not short,0,48,,2022-08-11 22:38:37
318,844,I'm not clumsy,0,825,,2023-02-19 06:15:30
319,898,I'm not weird,1,125,,2022-10-18 09:38:31
320,845,,,,Why couldn't the bicycle stand up by itself? Because it was two-tired!,2022-09-24 22:16:04
321,329,,,,Why couldn't the bicycle stand up by itself? Because it was two-tired!,2023-01-01 22:55:49
322,748,,,,Why did the coffee file a police report? It got mugged!,2022-10-19 21:28:39
323,515,Why do we park in a driveway and drive on a parkway?,1,331,,2022-11-13 23:54:30
324,767,I'm not fat,0,608,,2022-07-17 22:02:07
325,687,,,,Why did the chicken cross the playground? To get to the other slide!,2022-11-16 05:07:17
326,861,,,,What did the grape say when it got stepped on? Nothing,2022-03-17 23:21:04
327,783,,,,Why couldn't the bicycle stand up by itself? Because it was two-tired!,2022-11-28 23:21:14
328,20,,,,Why don't skeletons fight each other? They don't have the guts!,2022-06-11 06:17:27
329,256,,,,I told my wife she was drawing her eyebrows too high. She looked surprised.,2022-11-16 07:33:44
330,794,I'm not lazy,0,186,,2022-06-29 00:32:13
331,291,,,,What do you get when you cross a snowman and a shark? Frostbite!,2023-01-29 07:15:46
332,821,I'm just using my outside voice.,0,182,,2022-08-03 14:43:15
333,344,,,,I told my wife she was drawing her eyebrows too high. She looked surprised.,2022-12-06 02:14:05
334,380,I'm not lazy,1,830,,2022-06-01 08:11:51
335,520,,,,Why don't skeletons fight each other? They don't have the guts!,2022-11-16 20:28:01
336,231,,,,it just let out a little wine!,2022-05-31 05:42:10
337,297,If at first you don't succeed,1,350,,2022-12-10 00:22:45
338,438,,,,it just let out a little wine!,2022-04-29 12:03:20
339,691,,,,Why did the coffee file a police report? It got mugged!,2022-06-25 22:41:47
340,484,,,,Why did the coffee file a police report? It got mugged!,2022-09-27 10:51:56
341,724,,,,Why did the coffee file a police report? It got mugged!,2022-08-21 02:35:42
342,145,I'm just on my own timezone.,0,353,,2023-01-26 06:08:50
343,247,,,,I told my wife she was drawing her eyebrows too high. She looked surprised.,2022-07-05 17:18:43
344,366,Why do they put locks on the doors of 24-hour stores?,0,560,,2023-01-18 21:26:34
345,847,,,,Why don't skeletons fight each other? They don't have the guts!,2022-09-05 01:13:41
346,345,,,,Why did the coffee file a police report? It got mugged!,2022-11-16 21:23:43
347,319,If money doesn't grow on trees,0,94,,2022-07-08 20:13:03
348,407,,,,What do you get when you cross a snowman and a shark? Frostbite!,2022-10-20 12:11:48
349,757,,,,Why don't scientists trust atoms? Because they make up everything!,2022-09-01 08:10:12
350,257,I'm just on energy-saving mode.,1,118,,2022-08-26 12:08:57
351,915,I'm not lazy,0,792,,2022-02-22 15:21:58
352,58,I'm not arguing,1,608,,2022-12-29 18:21:51
353,360,,,,Why don't scientists trust atoms? Because they make up everything!,2022-09-21 08:03:16
354,652,,,,Why don't scientists trust atoms? Because they make up everything!,2022-05-03 04:56:01
355,947,,,,What do you call an alligator in a vest? An investigator!,2022-04-22 23:14:21
356,507,,,,Why did the coffee file a police report? It got mugged!,2022-11-12 21:26:02
357,470,Why do they put locks on the doors of 24-hour stores?,0,5,,2022-06-09 05:16:11
358,54,I'm not weird,0,835,,2022-10-22 05:38:22
359,172,I'm just explaining why I'm right.,0,963,,2022-03-22 04:37:42
360,639,I'm just concentrated awesome!,1,522,,2022-06-23 06:16:58
361,478,I'm just using my outside voice.,1,563,,2022-12-25 15:23:16
362,407,,,,Why don't scientists trust atoms? Because they make up everything!,2022-05-08 11:29:16
363,756,,,,What did the grape say when it got stepped on? Nothing,2022-02-24 02:59:47
364,5,,,,Why did the chicken cross the playground? To get to the other slide!,2022-04-27 06:34:53
365,535,,,,Why did the chicken cross the playground? To get to the other slide!,2022-02-19 11:02:18
366,956,I'm not lazy,1,282,,2022-09-02 10:51:21
367,809,I'm just easier to see!,1,566,,2022-04-29 16:59:17
368,89,,,,What do you call an alligator in a vest? An investigator!,2022-07-26 14:37:48
369,207,,,,Why did the tomato turn red? Because it saw the salad dressing!,2022-07-09 23:39:32
370,994,,,,Why did the tomato turn red? Because it saw the salad dressing!,2023-01-20 05:05:00
371,903,I'm not clumsy,0,765,,2022-12-01 10:02:40
372,522,,,,Why don't scientists trust atoms? Because they make up everything!,2022-11-12 02:50:23
373,757,I'm not clumsy,0,281,,2022-04-20 05:10:15
374,920,I'm just using my outside voice.,0,71,,2022-10-28 00:00:31
375,713,,,,Why did the tomato turn red? Because it saw the salad dressing!,2023-01-23 05:09:16
376,600,then skydiving isn't for you.,0,752,,2022-11-16 10:29:23
377,996,Why do we park in a driveway and drive on a parkway?,1,209,,2022-12-18 08:50:24
378,508,If money doesn't grow on trees,1,605,,2022-04-07 00:20:07
379,636,,,,Why don't skeletons fight each other? They don't have the guts!,2022-06-20 18:53:26
380,872,,,,Why did the coffee file a police report? It got mugged!,2022-05-04 09:43:02
381,663,I'm not fat,1,879,,2022-12-24 20:35:05
382,326,I'm not arguing,1,109,,2022-11-01 18:14:17
383,853,I'm just on energy-saving mode.,1,180,,2022-03-14 09:46:15
384,962,I'm not arguing,1,678,,2022-08-07 19:17:32
385,913,,,,What do you get when you cross a snowman and a shark? Frostbite!,2022-10-29 17:38:18
386,655,,,,Why couldn't the bicycle stand up by itself? Because it was two-tired!,2022-12-06 04:19:02
387,292,I'm just on my own timezone.,1,888,,2022-04-30 01:57:58
388,531,,,,What do you call an alligator in a vest? An investigator!,2022-08-21 10:54:00
389,992,,,,What do you call an alligator in a vest? An investigator!,2022-04-26 09:32:39
390,874,,,,What did the grape say when it got stepped on? Nothing,2022-08-27 04:52:57
391,306,I'm just concentrated awesome!,1,451,,2022-11-15 21:56:54
392,332,I'm not lazy,0,145,,2022-05-07 03:07:51
393,760,I'm just limited edition.,0,638,,2022-10-24 18:01:42
394,679,I'm not arguing,1,374,,2022-06-07 09:02:40
395,734,,,,Why couldn't the bicycle stand up by itself? Because it was two-tired!,2022-12-26 19:46:51
396,64,,,,Why don't scientists trust atoms? Because they make up everything!,2022-07-07 01:21:08
397,633,Why do they call it rush hour when nothing moves?,1,978,,2022-05-28 22:55:57
398,20,,,,I told my wife she was drawing her eyebrows too high. She looked surprised.,2022-06-02 08:33:05
399,312,Why do they call it rush hour when nothing moves?,1,122,,2022-03-06 06:44:24
400,359,Why do we park in a driveway and drive on a parkway?,0,867,,2023-02-16 07:15:56
401,994,,,,Why did the tomato turn red? Because it saw the salad dressing!,2022-07-28 01:06:29
402,384,I'm just concentrated awesome!,1,315,,2022-10-15 14:02:53
403,747,,,,it just let out a little wine!,2023-01-13 14:48:29
404,118,then skydiving isn't for you.,1,972,,2022-07-28 16:00:28
405,191,I'm not lazy,0,477,,2022-10-20 09:19:43
406,995,,,,Why couldn't the bicycle stand up by itself? Because it was two-tired!,2022-08-31 02:13:33
407,147,Why do we park in a driveway and drive on a parkway?,0,952,,2022-02-21 20:12:33
408,834,Why do we park in a driveway and drive on a parkway?,0,669,,2022-10-22 21:07:16
409,450,I'm just on my own timezone.,1,503,,2022-05-07 07:38:33
410,325,I'm not lazy,0,549,,2022-09-15 08:02:18
411,114,,,,Why did the coffee file a police report? It got mugged!,2022-04-12 20:38:35
412,154,I'm just explaining why I'm right.,1,555,,2022-05-02 04:50:19
413,707,I'm just limited edition.,1,554,,2022-08-07 19:27:33
414,109,Why do they call it rush hour when nothing moves?,1,374,,2022-04-09 22:51:23
415,881,then skydiving isn't for you.,1,690,,2022-12-24 12:10:19
416,198,I'm not fat,1,332,,2022-04-25 12:04:26
417,586,,,,Why don't scientists trust atoms? Because they make up everything!,2022-12-28 18:59:17
418,192,then why do banks have branches?,1,979,,2022-12-26 18:24:19
419,311,I'm just taking the floor for a hug!,0,648,,2022-06-19 06:22:07
420,876,If at first you don't succeed,1,839,,2022-02-23 18:29:22
421,631,,,,Why did the tomato turn red? Because it saw the salad dressing!,2022-07-23 15:57:34
422,376,I'm not late,0,607,,2023-01-21 15:22:03
423,289,,,,Why did the coffee file a police report? It got mugged!,2023-01-31 21:13:14
424,233,I'm not arguing,0,889,,2022-05-06 06:41:14
425,385,,,,Why did the chicken cross the playground? To get to the other slide!,2022-08-20 23:04:23
426,810,I'm just explaining why I'm right.,1,640,,2022-09-25 11:40:56
427,319,,,,Why did the tomato turn red? Because it saw the salad dressing!,2022-06-07 17:58:16
428,159,,,,Why don't skeletons fight each other? They don't have the guts!,2022-05-23 13:31:57
429,432,,,,What do you call an alligator in a vest? An investigator!,2022-09-01 18:30:18
430,356,,,,Why did the coffee file a police report? It got mugged!,2022-08-31 09:58:31
431,128,,,,What do you call an alligator in a vest? An investigator!,2022-07-17 02:23:41
432,555,,,,I told my wife she was drawing her eyebrows too high. She looked surprised.,2022-10-19 22:14:23
433,368,,,,it just let out a little wine!,2023-01-27 12:49:27
434,641,I'm just easier to see!,0,224,,2022-04-28 21:46:58
435,837,,,,What did the grape say when it got stepped on? Nothing,2022-05-26 17:40:32
436,399,,,,Why did the tomato turn red? Because it saw the salad dressing!,2022-02-28 03:34:44
437,764,,,,Why did the chicken cross the playground? To get to the other slide!,2022-05-07 16:34:12
438,603,,,,Why did the chicken cross the playground? To get to the other slide!,2022-05-04 04:32:58
439,275,then why do banks have branches?,0,927,,2022-04-19 05:02:12
440,138,,,,Why don't skeletons fight each other? They don't have the guts!,2022-09-29 17:54:49
441,857,I'm just limited edition.,0,417,,2022-02-26 08:05:03
442,451,,,,it just let out a little wine!,2022-07-16 16:57:15
443,160,,,,What do you get when you cross a snowman and a shark? Frostbite!,2022-04-28 01:03:27
444,243,,,,Why did the chicken cross the playground? To get to the other slide!,2023-01-11 01:35:23
445,334,I'm not clumsy,1,518,,2022-08-30 11:47:11
446,916,,,,Why did the tomato turn red? Because it saw the salad dressing!,2023-01-17 14:08:39
447,194,I'm not lazy,0,705,,2022-10-28 00:20:59
448,13,I'm just explaining why I'm right.,0,696,,2022-03-12 01:07:25
449,268,I'm just on my own timezone.,1,919,,2022-06-09 21:19:14
450,890,If money doesn't grow on trees,0,637,,2022-11-18 15:16:11
451,989,I'm just taking the floor for a hug!,1,948,,2022-11-02 20:09:33
452,5,I'm just conserving energy.,0,506,,2022-12-14 02:02:10
453,357,Why do we park in a driveway and drive on a parkway?,0,64,,2023-02-15 16:53:14
454,990,I'm just easier to see!,0,951,,2022-05-26 01:29:35
455,117,,,,Why don't skeletons fight each other? They don't have the guts!,2022-02-27 09:14:05
456,21,,,,Why couldn't the bicycle stand up by itself? Because it was two-tired!,2022-03-11 08:40:18
457,675,Why do we say heads up when we actually duck?,1,139,,2022-09-06 15:29:05
458,672,I'm not late,0,829,,2022-12-01 03:19:18
459,804,,,,Why couldn't the bicycle stand up by itself? Because it was two-tired!,2022-11-01 10:51:38
460,591,,,,Why did the coffee file a police report? It got mugged!,2022-07-04 11:16:03
461,342,then skydiving isn't for you.,1,728,,2022-10-13 11:51:17
462,418,,,,What do you get when you cross a snowman and a shark? Frostbite!,2022-09-25 07:52:37
463,203,,,,Why did the coffee file a police report? It got mugged!,2022-10-04 05:28:12
464,278,,,,Why did the tomato turn red? Because it saw the salad dressing!,2022-12-09 06:31:01
465,225,Why do we say heads up when we actually duck?,0,172,,2022-09-02 04:18:59
466,620,,,,it just let out a little wine!,2022-02-27 14:12:55
467,602,I'm just using my outside voice.,0,511,,2022-09-04 00:02:10
468,951,I'm just limited edition.,0,819,,2022-12-21 13:47:44
469,720,,,,What did the grape say when it got stepped on? Nothing,2022-08-15 04:44:52
470,134,,,,Why did the tomato turn red? Because it saw the salad dressing!,2022-05-29 12:42:09
471,913,I'm not late,0,461,,2022-06-15 22:04:38
472,679,,,,Why couldn't the bicycle stand up by itself? Because it was two-tired!,2023-02-03 11:45:37
473,936,then why do banks have branches?,1,70,,2022-07-14 07:25:07
474,232,I'm not lazy,1,78,,2022-05-13 20:03:24
475,79,I'm just taking the floor for a hug!,1,885,,2022-12-04 18:28:22
476,133,I'm just using my outside voice.,1,971,,2022-09-03 07:25:59
477,997,,,,What do you call an alligator in a vest? An investigator!,2023-02-14 12:36:22
478,32,,,,Why don't scientists trust atoms? Because they make up everything!,2022-06-06 13:38:42
479,527,I'm just conserving energy.,0,800,,2022-02-17 12:54:12
480,242,Why do we say heads up when we actually duck?,1,298,,2022-08-27 12:25:43
481,421,,,,it just let out a little wine!,2022-05-03 11:26:44
482,410,,,,What did the grape say when it got stepped on? Nothing,2022-11-10 12:39:05
483,855,I'm not weird,1,234,,2022-11-18 21:36:28
484,762,I'm just conserving energy.,0,744,,2022-10-14 23:14:57
485,546,,,,Why did the coffee file a police report? It got mugged!,2022-09-06 11:38:59
486,744,,,,What did the grape say when it got stepped on? Nothing,2023-01-02 13:14:43
487,80,,,,it just let out a little wine!,2022-11-16 07:03:45
488,868,,,,Why did the coffee file a police report? It got mugged!,2022-02-25 01:15:08
489,738,I'm not lazy,0,739,,2022-10-03 22:12:54
490,428,,,,Why don't scientists trust atoms? Because they make up everything!,2023-02-13 02:07:26
491,865,,,,What do you call an alligator in a vest? An investigator!,2022-10-27 02:27:40
492,481,I'm just taking the floor for a hug!,1,897,,2022-07-28 03:38:08
493,99,Why do we park in a driveway and drive on a parkway?,1,840,,2022-03-11 01:21:12
494,377,I'm not weird,1,971,,2022-07-09 09:34:41
495,851,,,,Why don't skeletons fight each other? They don't have the guts!,2022-10-16 18:32:57
496,472,,,,I told my wife she was drawing her eyebrows too high. She looked surprised.,2022-07-22 21:18:50
497,297,I'm just limited edition.,1,192,,2023-01-03 09:46:47
498,675,I'm just conserving energy.,1,703,,2022-05-17 12:55:58
499,649,,,,Why couldn't the bicycle stand up by itself? Because it was two-tired!,2022-05-10 21:44:31
500,270,I'm not lazy,0,494,,2022-09-12 21:18:51
501,362,I'm not arguing,0,719,,2022-05-03 06:41:25
502,723,I'm just conserving energy.,1,104,,2022-05-23 14:39:21
503,807,I'm just explaining why I'm right.,0,297,,2022-12-28 08:35:51
504,254,I'm not short,1,717,,2022-06-09 21:59:50
505,397,I'm not lazy,0,872,,2022-05-30 18:55:01
506,813,I'm not lazy,1,315,,2022-12-24 08:27:15
507,300,,,,Why did the chicken cross the playground? To get to the other slide!,2022-12-28 21:19:17
508,739,Why do we say heads up when we actually duck?,0,770,,2022-03-25 06:07:26
509,483,,,,Why did the coffee file a police report? It got mugged!,2022-09-14 15:51:44
510,584,,,,Why did the coffee file a police report? It got mugged!,2022-10-05 22:49:14
511,910,I'm just using my outside voice.,1,860,,2022-03-28 17:15:09
512,105,I'm not late,1,342,,2022-07-30 03:36:04
513,348,,,,What do you get when you cross a snowman and a shark? Frostbite!,2023-01-31 11:44:36
514,744,,,,Why couldn't the bicycle stand up by itself? Because it was two-tired!,2022-07-16 17:43:22
515,288,I'm not short,1,562,,2022-04-04 04:40:21
516,827,,,,What do you call an alligator in a vest? An investigator!,2022-03-01 09:52:58
517,427,Why do they put locks on the doors of 24-hour stores?,1,765,,2022-08-30 17:18:32
518,2,,,,Why did the tomato turn red? Because it saw the salad dressing!,2022-07-17 14:56:10
519,140,,,,Why don't skeletons fight each other? They don't have the guts!,2022-02-16 12:00:18
520,649,,,,Why did the coffee file a police report? It got mugged!,2022-09-17 22:16:32
521,372,I'm just easier to see!,0,569,,2022-07-08 10:01:37
522,713,I'm just concentrated awesome!,1,860,,2022-05-28 20:14:56
523,759,I'm just on my own timezone.,0,312,,2023-01-27 04:28:46
524,886,,,,Why did the chicken cross the playground? To get to the other slide!,2022-07-30 02:16:00
525,335,I'm not arguing,1,616,,2022-11-26 20:50:16
526,940,,,,Why did the tomato turn red? Because it saw the salad dressing!,2022-11-11 12:40:59
527,553,Why do they call it rush hour when nothing moves?,1,272,,2023-01-22 20:17:11
528,342,If money doesn't grow on trees,1,578,,2022-07-13 13:01:37
529,467,Why do they put locks on the doors of 24-hour stores?,1,351,,2022-09-10 18:11:19
530,386,,,,Why did the tomato turn red? Because it saw the salad dressing!,2023-01-19 06:15:06
531,29,,,,Why did the chicken cross the playground? To get to the other slide!,2023-01-26 23:44:18
532,76,I'm just concentrated awesome!,0,747,,2022-10-29 19:57:26
533,913,,,,What did the grape say when it got stepped on? Nothing,2022-08-13 18:41:22
534,717,I'm not late,1,629,,2023-01-17 20:06:42
535,627,,,,Why couldn't the bicycle stand up by itself? Because it was two-tired!,2022-03-16 08:34:19
536,614,I'm just on energy-saving mode.,0,952,,2022-02-16 10:19:19
537,716,,,,What do you get when you cross a snowman and a shark? Frostbite!,2022-11-01 15:45:05
538,967,,,,Why couldn't the bicycle stand up by itself? Because it was two-tired!,2022-10-09 04:35:55
539,565,,,,I told my wife she was drawing her eyebrows too high. She looked surprised.,2022-05-15 13:27:59
540,453,,,,Why don't scientists trust atoms? Because they make up everything!,2022-10-01 19:23:05
541,39,I'm just on my own timezone.,1,436,,2022-05-16 02:14:19
542,510,I'm not arguing,0,776,,2022-06-16 17:55:36
543,359,I'm just explaining why I'm right.,0,456,,2023-02-17 15:52:06
544,713,,,,Why did the coffee file a police report? It got mugged!,2022-10-10 13:54:37
545,489,Why do we park in a driveway and drive on a parkway?,1,599,,2022-09-04 09:08:21
546,761,I'm just taking the floor for a hug!,0,834,,2022-07-06 13:25:29
547,217,I'm not clumsy,1,455,,2022-10-02 11:23:49
548,903,I'm just on my own timezone.,0,54,,2022-05-25 06:27:07
549,224,,,,Why did the chicken cross the playground? To get to the other slide!,2023-02-18 05:00:57
550,128,I'm not arguing,0,423,,2022-04-23 08:03:00
551,691,,,,What do you get when you cross a snowman and a shark? Frostbite!,2022-11-25 21:59:29
552,196,I'm just on energy-saving mode.,1,46,,2022-07-04 03:14:31
553,289,,,,Why did the chicken cross the playground? To get to the other slide!,2022-08-28 09:42:00
554,938,then why do banks have branches?,0,472,,2022-03-04 19:47:37
555,505,Why do they call it rush hour when nothing moves?,1,237,,2022-09-05 23:01:03
556,440,,,,Why couldn't the bicycle stand up by itself? Because it was two-tired!,2022-12-30 19:36:01
557,563,I'm just limited edition.,0,469,,2022-07-09 20:12:02
558,719,I'm not lazy,0,929,,2022-12-12 12:04:38
559,412,Why do they put locks on the doors of 24-hour stores?,1,238,,2023-01-26 03:03:49
560,113,,,,What do you get when you cross a snowman and a shark? Frostbite!,2022-09-13 06:17:40
561,773,I'm not late,0,252,,2022-03-21 22:50:59
562,703,,,,What do you get when you cross a snowman and a shark? Frostbite!,2022-10-02 11:02:44
563,338,I'm not lazy,0,709,,2022-03-31 07:39:39
564,113,,,,it just let out a little wine!,2022-09-25 23:15:56
565,969,,,,Why don't scientists trust atoms? Because they make up everything!,2022-06-09 21:35:09
566,960,I'm not fat,0,343,,2022-10-31 18:38:46
567,639,I'm just limited edition.,0,986,,2022-12-11 00:36:40
568,591,,,,Why don't skeletons fight each other? They don't have the guts!,2022-09-28 15:20:27
569,115,,,,Why don't skeletons fight each other? They don't have the guts!,2022-08-06 04:34:06
570,716,I'm not arguing,0,577,,2022-11-15 11:06:03
571,338,,,,What did the grape say when it got stepped on? Nothing,2022-11-21 07:29:34
572,627,,,,What do you get when you cross a snowman and a shark? Frostbite!,2022-09-28 03:02:34
573,789,,,,Why don't scientists trust atoms? Because they make up everything!,2022-08-10 15:33:39
574,610,If money doesn't grow on trees,0,785,,2022-11-14 08:26:19
575,798,If at first you don't succeed,1,526,,2022-06-23 04:48:19
576,675,,,,Why don't skeletons fight each other? They don't have the guts!,2022-07-03 05:23:41
577,133,I'm just easier to see!,0,207,,2022-02-24 04:06:06
578,573,,,,Why did the coffee file a police report? It got mugged!,2022-05-19 07:22:54
579,337,,,,Why did the chicken cross the playground? To get to the other slide!,2022-07-28 08:46:38
580,859,,,,What do you call an alligator in a vest? An investigator!,2022-12-24 09:28:03
581,661,,,,I told my wife she was drawing her eyebrows too high. She looked surprised.,2022-05-16 18:14:06
582,890,,,,it just let out a little wine!,2022-04-04 14:06:57
583,609,I'm just taking the floor for a hug!,1,371,,2023-02-06 06:13:03
584,245,,,,Why did the coffee file a police report? It got mugged!,2022-05-03 10:07:59
585,99,I'm just on my own timezone.,1,553,,2022-09-26 04:15:44
586,471,,,,I told my wife she was drawing her eyebrows too high. She looked surprised.,2023-01-22 10:39:45
587,684,,,,Why couldn't the bicycle stand up by itself? Because it was two-tired!,2022-09-19 08:08:15
588,545,I'm not lazy,1,1000,,2023-01-18 23:18:13
589,451,,,,it just let out a little wine!,2022-07-17 19:50:31
590,127,Why do we park in a driveway and drive on a parkway?,1,42,,2022-10-25 10:24:55
591,71,I'm not weird,1,66,,2022-04-01 21:28:05
592,961,I'm not arguing,1,785,,2023-01-18 04:29:32
593,172,I'm just on my own timezone.,0,28,,2022-06-08 11:51:16
594,619,Why do we say heads up when we actually duck?,1,90,,2022-05-22 20:06:30
595,716,,,,What do you call an alligator in a vest? An investigator!,2022-02-17 16:02:07
596,866,I'm just explaining why I'm right.,1,767,,2022-12-27 05:14:42
597,926,Why do they put locks on the doors of 24-hour stores?,1,384,,2022-10-07 01:27:13
598,504,,,,Why did the tomato turn red? Because it saw the salad dressing!,2022-08-24 08:17:23
599,703,If at first you don't succeed,0,477,,2022-03-17 04:28:54
600,979,,,,What do you call an alligator in a vest? An investigator!,2022-03-24 21:27:31
601,960,I'm not lazy,0,910,,2023-01-06 06:02:25
602,7,I'm not lazy,1,93,,2022-06-01 18:15:13
603,810,,,,Why don't skeletons fight each other? They don't have the guts!,2022-08-17 16:33:39
604,6,,,,Why don't skeletons fight each other? They don't have the guts!,2022-05-26 02:08:37
605,149,,,,What do you call an alligator in a vest? An investigator!,2022-11-30 20:31:15
606,111,Why do they call it rush hour when nothing moves?,1,286,,2022-08-26 10:24:46
607,892,I'm not lazy,1,964,,2022-05-23 09:02:37
608,966,I'm not clumsy,1,625,,2022-06-04 12:25:01
609,904,,,,Why couldn't the bicycle stand up by itself? Because it was two-tired!,2022-04-10 17:24:41
610,123,,,,Why couldn't the bicycle stand up by itself? Because it was two-tired!,2022-10-19 13:42:09
611,194,,,,Why don't scientists trust atoms? Because they make up everything!,2022-06-17 21:36:38
612,51,If money doesn't grow on trees,0,564,,2022-07-16 05:20:31
613,407,,,,What do you get when you cross a snowman and a shark? Frostbite!,2022-09-10 09:00:56
614,234,,,,What do you get when you cross a snowman and a shark? Frostbite!,2023-01-13 14:43:35
615,600,,,,it just let out a little wine!,2022-04-14 12:20:15
616,468,,,,Why did the chicken cross the playground? To get to the other slide!,2022-03-13 05:31:19
617,546,,,,I told my wife she was drawing her eyebrows too high. She looked surprised.,2022-08-06 16:44:43
618,379,I'm just concentrated awesome!,0,42,,2022-08-09 04:46:33
619,691,,,,Why did the chicken cross the playground? To get to the other slide!,2022-12-20 00:13:43
620,878,Why do they put locks on the doors of 24-hour stores?,1,127,,2023-01-26 16:13:42
621,992,,,,What do you get when you cross a snowman and a shark? Frostbite!,2022-10-14 13:05:22
622,989,Why do they put locks on the doors of 24-hour stores?,0,899,,2022-03-23 18:38:01
623,296,I'm just easier to see!,0,798,,2022-12-18 13:30:54
624,354,If at first you don't succeed,0,777,,2022-11-30 13:31:35
625,571,I'm not lazy,0,581,,2022-08-22 05:23:47
626,450,If money doesn't grow on trees,0,809,,2022-04-22 11:20:14
627,458,,,,Why don't skeletons fight each other? They don't have the guts!,2022-08-24 19:59:09
628,784,I'm not short,1,707,,2022-10-29 18:16:29
629,144,I'm just explaining why I'm right.,0,690,,2022-12-12 07:05:17
630,703,then why do banks have branches?,1,302,,2022-10-08 08:11:42
631,78,If at first you don't succeed,1,789,,2022-03-07 06:12:26
632,685,then why do banks have branches?,1,19,,2022-06-04 18:09:47
633,912,,,,it just let out a little wine!,2022-04-09 20:16:48
634,84,I'm not clumsy,0,924,,2022-07-05 23:07:38
635,116,Why do we say heads up when we actually duck?,1,769,,2022-07-16 16:54:42
636,67,I'm not arguing,1,219,,2022-03-13 12:42:26
637,504,I'm not clumsy,1,213,,2022-09-09 12:51:22
638,777,I'm not lazy,1,734,,2022-12-19 00:38:49
639,181,,,,I told my wife she was drawing her eyebrows too high. She looked surprised.,2022-05-11 07:26:31
640,245,I'm not lazy,0,319,,2023-02-04 02:08:58
641,582,I'm just on my own timezone.,1,669,,2023-01-29 12:05:40
642,836,,,,What do you call an alligator in a vest? An investigator!,2022-03-08 04:34:16
643,236,,,,it just let out a little wine!,2022-04-23 01:39:00
644,916,I'm not lazy,1,620,,2023-02-11 23:47:01
645,131,Why do we park in a driveway and drive on a parkway?,0,992,,2022-10-29 07:25:54
646,884,I'm not clumsy,1,739,,2022-07-21 00:50:28
647,600,then skydiving isn't for you.,1,655,,2022-07-14 16:49:21
648,141,,,,Why couldn't the bicycle stand up by itself? Because it was two-tired!,2022-05-27 09:53:19
649,485,then why do banks have branches?,0,387,,2022-03-26 07:35:29
650,718,I'm not lazy,1,331,,2022-02-26 14:51:34
651,613,I'm not short,0,148,,2022-10-19 04:46:47
652,223,If money doesn't grow on trees,0,4,,2022-10-07 12:23:55
653,737,,,,I told my wife she was drawing her eyebrows too high. She looked surprised.,2022-07-22 08:16:33
654,102,I'm just on my own timezone.,0,71,,2022-10-03 17:27:17
655,399,then skydiving isn't for you.,1,790,,2022-09-12 17:00:14
656,294,I'm not arguing,1,556,,2022-10-28 21:06:01
657,596,Why do we park in a driveway and drive on a parkway?,1,364,,2022-04-04 04:02:15
658,632,I'm not lazy,0,683,,2022-05-16 16:18:39
659,743,,,,Why did the coffee file a police report? It got mugged!,2022-09-20 05:36:35
660,317,,,,What did the grape say when it got stepped on? Nothing,2023-01-25 09:11:34
661,646,I'm just explaining why I'm right.,0,974,,2022-09-01 01:54:22
662,162,I'm just easier to see!,1,69,,2022-11-15 13:52:27
663,813,I'm just easier to see!,1,271,,2022-10-20 16:13:45
664,433,I'm not short,1,41,,2022-10-26 00:43:21
665,877,I'm just on my own timezone.,0,674,,2022-04-19 15:31:39
666,813,I'm just explaining why I'm right.,1,256,,2022-04-23 04:32:40
667,913,,,,What did the grape say when it got stepped on? Nothing,2022-09-16 03:59:24
668,812,,,,Why don't scientists trust atoms? Because they make up everything!,2022-05-13 06:01:27
669,865,I'm just concentrated awesome!,1,380,,2022-07-11 13:25:45
670,309,I'm just taking the floor for a hug!,0,274,,2022-12-21 19:46:23
671,249,,,,What do you call an alligator in a vest? An investigator!,2022-03-02 00:10:14
672,681,,,,it just let out a little wine!,2022-07-02 14:36:15
673,336,,,,What do you get when you cross a snowman and a shark? Frostbite!,2022-12-07 04:26:39
674,51,I'm just conserving energy.,1,821,,2022-11-12 09:29:16
675,21,I'm not short,1,576,,2022-03-12 16:39:39
676,91,,,,Why did the chicken cross the playground? To get to the other slide!,2022-06-24 03:55:56
677,254,,,,Why did the coffee file a police report? It got mugged!,2023-02-04 11:18:52
678,307,,,,Why did the chicken cross the playground? To get to the other slide!,2022-06-22 03:59:31
679,135,,,,Why did the coffee file a police report? It got mugged!,2022-05-19 10:44:43
680,339,,,,What do you call an alligator in a vest? An investigator!,2022-12-25 14:56:19
681,269,,,,Why did the coffee file a police report? It got mugged!,2022-05-19 19:11:06
682,96,I'm just easier to see!,1,273,,2022-05-22 06:42:46
683,694,,,,I told my wife she was drawing her eyebrows too high. She looked surprised.,2022-06-20 22:53:19
684,877,,,,What do you call an alligator in a vest? An investigator!,2022-04-28 06:46:30
685,467,,,,Why couldn't the bicycle stand up by itself? Because it was two-tired!,2022-11-27 11:45:28
686,552,I'm not clumsy,1,740,,2022-11-20 08:56:28
687,71,,,,What do you call an alligator in a vest? An investigator!,2022-07-15 03:24:08
688,924,I'm just conserving energy.,1,612,,2023-01-02 05:07:38
689,456,,,,Why did the coffee file a police report? It got mugged!,2022-12-31 00:48:14
690,441,I'm not late,0,655,,2022-08-21 16:59:04
691,149,,,,Why did the chicken cross the playground? To get to the other slide!,2022-07-23 06:54:26
692,480,I'm just using my outside voice.,1,137,,2022-07-21 17:10:52
693,242,I'm just on energy-saving mode.,1,380,,2022-12-25 23:34:53
694,590,,,,What do you get when you cross a snowman and a shark? Frostbite!,2022-08-19 01:14:36
695,263,,,,Why don't skeletons fight each other? They don't have the guts!,2022-10-03 08:55:51
696,854,,,,Why did the coffee file a police report? It got mugged!,2022-05-11 17:49:48
697,192,,,,Why did the tomato turn red? Because it saw the salad dressing!,2022-09-25 12:21:28
698,546,,,,What do you get when you cross a snowman and a shark? Frostbite!,2022-04-13 22:16:40
699,615,Why do they call it rush hour when nothing moves?,1,630,,2022-02-19 16:52:11
700,227,If at first you don't succeed,1,926,,2022-04-18 15:16:41
701,816,,,,What do you get when you cross a snowman and a shark? Frostbite!,2022-10-21 23:37:31
702,87,I'm not arguing,1,177,,2022-10-25 09:45:30
703,534,,,,Why couldn't the bicycle stand up by itself? Because it was two-tired!,2022-04-19 07:05:21
704,365,,,,Why did the coffee file a police report? It got mugged!,2022-05-07 13:20:15
705,385,I'm not arguing,0,383,,2022-10-09 12:30:48
706,598,,,,Why couldn't the bicycle stand up by itself? Because it was two-tired!,2022-03-05 08:50:57
707,336,,,,it just let out a little wine!,2022-11-17 23:54:23
708,383,I'm just on my own timezone.,0,163,,2022-07-04 08:50:29
709,575,,,,What did the grape say when it got stepped on? Nothing,2022-12-10 06:37:22
710,663,,,,I told my wife she was drawing her eyebrows too high. She looked surprised.,2022-10-30 00:41:50
711,640,,,,What did the grape say when it got stepped on? Nothing,2022-06-18 15:14:22
712,931,,,,I told my wife she was drawing her eyebrows too high. She looked surprised.,2022-11-21 07:40:52
713,515,,,,Why did the tomato turn red? Because it saw the salad dressing!,2023-02-22 08:28:45
714,961,,,,What do you get when you cross a snowman and a shark? Frostbite!,2023-02-22 11:02:31
715,478,,,,What do you get when you cross a snowman and a shark? Frostbite!,2023-01-08 16:26:09
716,203,,,,Why did the coffee file a police report? It got mugged!,2023-01-29 06:06:43
717,531,,,,Why don't skeletons fight each other? They don't have the guts!,2022-12-05 15:50:32
718,796,I'm just taking the floor for a hug!,0,391,,2022-05-06 00:38:04
719,727,Why do we say heads up when we actually duck?,1,737,,2022-08-20 01:16:09
720,158,,,,Why did the tomato turn red? Because it saw the salad dressing!,2022-11-01 21:33:47
721,144,,,,What do you get when you cross a snowman and a shark? Frostbite!,2022-09-02 01:13:21
722,170,,,,Why did the tomato turn red? Because it saw the salad dressing!,2022-06-08 16:33:13
723,973,Why do they call it rush hour when nothing moves?,0,236,,2022-03-21 11:12:22
724,807,I'm not weird,1,852,,2022-08-28 19:18:28
725,846,I'm not arguing,1,704,,2022-05-07 04:34:12
726,939,,,,What did the grape say when it got stepped on? Nothing,2022-03-21 15:45:09
727,927,,,,Why couldn't the bicycle stand up by itself? Because it was two-tired!,2022-05-15 23:26:09
728,978,,,,Why did the tomato turn red? Because it saw the salad dressing!,2022-10-20 10:42:19
729,447,I'm just on my own timezone.,0,443,,2022-05-04 12:10:58
730,979,,,,I told my wife she was drawing her eyebrows too high. She looked surprised.,2022-09-21 16:15:14
731,697,Why do we park in a driveway and drive on a parkway?,0,231,,2022-10-09 09:55:31
732,53,I'm just concentrated awesome!,1,524,,2022-10-06 08:52:10
733,570,I'm not lazy,1,827,,2022-10-28 08:44:53
734,951,,,,What do you call an alligator in a vest? An investigator!,2022-08-20 20:52:12
735,723,I'm just conserving energy.,0,181,,2023-01-20 23:50:49
736,838,I'm just concentrated awesome!,1,171,,2022-03-20 03:04:34
737,160,I'm just concentrated awesome!,0,280,,2022-12-14 15:20:45
738,43,Why do they put locks on the doors of 24-hour stores?,0,138,,2022-08-13 09:38:38
739,228,,,,I told my wife she was drawing her eyebrows too high. She looked surprised.,2022-10-01 15:41:56
740,31,,,,What did the grape say when it got stepped on? Nothing,2022-08-06 20:04:58
741,721,I'm just easier to see!,1,544,,2022-09-17 16:09:26
742,124,,,,Why don't skeletons fight each other? They don't have the guts!,2022-05-22 06:03:52
743,967,,,,Why don't skeletons fight each other? They don't have the guts!,2022-12-26 10:36:11
744,121,,,,Why don't skeletons fight each other? They don't have the guts!,2022-08-04 21:49:33
745,542,I'm not late,0,798,,2022-06-15 04:26:25
746,692,I'm not lazy,1,363,,2023-02-04 02:12:36
747,173,Why do we say heads up when we actually duck?,0,274,,2022-12-06 06:29:01
748,616,I'm not arguing,0,606,,2022-07-13 01:35:01
749,216,I'm not late,0,946,,2022-03-11 14:54:18
750,381,,,,What do you get when you cross a snowman and a shark? Frostbite!,2023-01-26 09:00:00
751,463,,,,Why don't skeletons fight each other? They don't have the guts!,2022-08-23 12:07:18
752,176,then why do banks have branches?,1,166,,2022-08-07 04:54:48
753,903,,,,Why did the tomato turn red? Because it saw the salad dressing!,2022-10-07 11:15:08
754,800,I'm not fat,0,970,,2023-01-11 21:03:38
755,912,then why do banks have branches?,1,655,,2022-08-07 13:02:31
756,486,I'm not short,1,942,,2022-12-03 04:05:53
757,406,,,,Why don't skeletons fight each other? They don't have the guts!,2022-09-22 04:47:46
758,844,,,,Why don't skeletons fight each other? They don't have the guts!,2023-01-14 06:11:02
759,335,,,,What did the grape say when it got stepped on? Nothing,2022-05-03 10:32:21
760,785,I'm just concentrated awesome!,0,326,,2022-03-24 10:17:08
761,666,,,,Why don't skeletons fight each other? They don't have the guts!,2022-02-18 13:37:38
762,836,I'm just on energy-saving mode.,0,278,,2022-02-23 23:55:32
763,519,,,,it just let out a little wine!,2022-04-23 13:48:38
764,614,,,,What do you get when you cross a snowman and a shark? Frostbite!,2023-02-17 14:58:58
765,765,I'm not short,1,845,,2022-08-26 10:49:09
766,837,I'm just on energy-saving mode.,1,879,,2022-06-06 18:27:56
767,515,I'm not fat,0,210,,2022-09-25 01:23:04
768,754,Why do we park in a driveway and drive on a parkway?,0,876,,2022-05-15 19:53:56
769,137,,,,What do you call an alligator in a vest? An investigator!,2022-06-22 04:17:01
770,668,,,,What do you call an alligator in a vest? An investigator!,2022-08-18 03:30:57
771,861,I'm just conserving energy.,0,501,,2022-12-18 21:37:59
772,414,,,,Why did the coffee file a police report? It got mugged!,2022-08-07 08:54:18
773,755,,,,it just let out a little wine!,2022-07-25 12:55:37
774,82,I'm not lazy,0,678,,2023-01-08 03:46:44
775,124,,,,Why couldn't the bicycle stand up by itself? Because it was two-tired!,2022-05-20 08:57:36
776,231,I'm just explaining why I'm right.,1,97,,2022-03-19 05:35:23
777,662,I'm just using my outside voice.,0,67,,2022-06-21 15:05:19
778,822,,,,What did the grape say when it got stepped on? Nothing,2022-05-06 22:27:33
779,794,I'm just on energy-saving mode.,0,893,,2022-07-09 00:31:41
780,200,,,,it just let out a little wine!,2022-04-02 16:44:05
781,482,then why do banks have branches?,0,774,,2022-05-04 16:29:21
782,471,,,,it just let out a little wine!,2022-12-01 02:15:41
783,179,then skydiving isn't for you.,1,710,,2022-10-24 23:51:18
784,748,I'm just explaining why I'm right.,0,417,,2022-02-26 05:09:38
785,928,If money doesn't grow on trees,0,107,,2023-01-26 13:15:12
786,83,,,,it just let out a little wine!,2022-05-30 06:05:57
787,344,I'm just on energy-saving mode.,0,660,,2022-05-20 21:11:17
788,645,If at first you don't succeed,0,716,,2022-04-12 19:55:20
789,591,I'm not short,1,676,,2022-04-21 02:12:58
790,19,,,,Why don't skeletons fight each other? They don't have the guts!,2022-12-04 14:01:27
791,915,I'm just conserving energy.,0,734,,2022-09-04 16:39:55
792,118,,,,What did the grape say when it got stepped on? Nothing,2022-06-05 03:21:01
793,413,I'm just using my outside voice.,0,118,,2022-05-22 01:42:22
794,466,I'm not lazy,0,732,,2022-09-15 13:39:33
795,112,,,,What do you get when you cross a snowman and a shark? Frostbite!,2022-04-10 05:01:16
796,265,,,,Why did the coffee file a police report? It got mugged!,2023-02-10 15:06:10
797,761,,,,I told my wife she was drawing her eyebrows too high. She looked surprised.,2022-07-17 17:47:09
798,301,I'm just concentrated awesome!,0,430,,2022-07-30 12:38:55
799,604,I'm just using my outside voice.,0,282,,2022-04-25 10:32:29
800,990,,,,Why couldn't the bicycle stand up by itself? Because it was two-tired!,2022-08-19 15:14:35
801,877,,,,Why did the coffee file a police report? It got mugged!,2022-06-28 02:05:21
802,136,,,,Why couldn't the bicycle stand up by itself? Because it was two-tired!,2022-02-25 20:54:42
803,152,I'm not fat,1,588,,2022-04-02 16:03:52
804,547,,,,Why couldn't the bicycle stand up by itself? Because it was two-tired!,2023-01-12 10:45:17
805,938,I'm not short,1,32,,2022-10-15 23:34:14
806,531,I'm just using my outside voice.,0,980,,2023-01-21 05:47:16
807,914,,,,What do you get when you cross a snowman and a shark? Frostbite!,2022-11-18 22:24:31
808,905,,,,What do you get when you cross a snowman and a shark? Frostbite!,2023-01-16 15:58:49
809,907,,,,Why did the tomato turn red? Because it saw the salad dressing!,2022-05-18 09:04:51
810,953,,,,it just let out a little wine!,2022-06-17 13:54:19
811,231,,,,I told my wife she was drawing her eyebrows too high. She looked surprised.,2022-06-20 09:07:00
812,125,,,,Why did the tomato turn red? Because it saw the salad dressing!,2022-11-28 14:16:57
813,976,,,,What do you get when you cross a snowman and a shark? Frostbite!,2022-08-07 21:09:00
814,646,,,,Why did the coffee file a police report? It got mugged!,2023-01-08 23:00:56
815,664,,,,Why don't scientists trust atoms? Because they make up everything!,2022-03-22 08:06:45
816,123,,,,Why did the chicken cross the playground? To get to the other slide!,2022-09-22 10:27:52
817,8,,,,Why don't skeletons fight each other? They don't have the guts!,2022-03-10 12:27:51
818,445,I'm not late,1,990,,2022-10-19 11:19:13
819,658,I'm not arguing,0,591,,2023-01-14 21:26:29
820,263,If at first you don't succeed,0,446,,2022-10-02 17:35:03
821,12,,,,What do you get when you cross a snowman and a shark? Frostbite!,2022-12-13 09:23:22
822,100,,,,Why couldn't the bicycle stand up by itself? Because it was two-tired!,2022-08-01 08:19:45
823,319,then skydiving isn't for you.,0,528,,2022-11-28 23:21:20
824,223,,,,What do you get when you cross a snowman and a shark? Frostbite!,2022-07-07 18:09:30
825,744,,,,Why couldn't the bicycle stand up by itself? Because it was two-tired!,2022-09-21 14:52:19
826,736,,,,Why couldn't the bicycle stand up by itself? Because it was two-tired!,2022-06-05 12:38:05
827,822,I'm just on energy-saving mode.,0,717,,2022-09-24 04:16:52
828,798,then skydiving isn't for you.,1,515,,2022-04-09 19:53:43
829,962,,,,Why don't scientists trust atoms? Because they make up everything!,2022-02-21 02:52:08
830,575,,,,Why don't skeletons fight each other? They don't have the guts!,2022-10-27 17:13:07
831,596,I'm just on energy-saving mode.,0,49,,2022-08-22 15:49:50
832,905,I'm just using my outside voice.,0,375,,2022-02-19 04:13:01
833,266,then skydiving isn't for you.,1,779,,2022-11-12 17:02:44
834,162,,,,Why did the tomato turn red? Because it saw the salad dressing!,2022-03-20 18:36:10
835,297,I'm not fat,0,653,,2022-02-26 13:23:04
836,322,,,,Why couldn't the bicycle stand up by itself? Because it was two-tired!,2022-07-12 15:24:11
837,497,Why do we park in a driveway and drive on a parkway?,0,982,,2022-10-24 05:52:57
838,441,,,,Why did the chicken cross the playground? To get to the other slide!,2023-02-22 16:44:43
839,840,,,,Why did the coffee file a police report? It got mugged!,2022-08-15 20:35:51
840,409,,,,What did the grape say when it got stepped on? Nothing,2022-12-14 17:34:52
841,872,,,,What do you call an alligator in a vest? An investigator!,2023-02-06 12:41:29
842,453,,,,Why did the coffee file a police report? It got mugged!,2022-02-25 14:53:31
843,106,,,,Why don't scientists trust atoms? Because they make up everything!,2022-09-13 08:03:34
844,19,I'm not arguing,0,117,,2022-12-11 04:24:41
845,647,,,,Why don't skeletons fight each other? They don't have the guts!,2023-02-01 20:15:14
846,245,,,,Why did the chicken cross the playground? To get to the other slide!,2022-08-22 12:38:49
847,63,,,,Why did the coffee file a police report? It got mugged!,2022-09-05 16:49:18
848,69,I'm just conserving energy.,0,71,,2022-06-05 13:30:25
849,882,Why do we say heads up when we actually duck?,0,341,,2022-05-09 01:19:12
850,670,,,,What did the grape say when it got stepped on? Nothing,2022-03-11 20:47:09
851,149,,,,Why did the coffee file a police report? It got mugged!,2022-05-29 22:35:14
852,254,,,,Why did the chicken cross the playground? To get to the other slide!,2022-06-02 00:28:17
853,937,I'm just using my outside voice.,1,157,,2022-12-20 11:26:29
854,585,I'm just on my own timezone.,1,266,,2023-02-07 22:20:44
855,872,then skydiving isn't for you.,0,122,,2023-02-08 03:05:32
856,261,,,,What do you get when you cross a snowman and a shark? Frostbite!,2022-06-05 05:56:57
857,486,,,,Why don't scientists trust atoms? Because they make up everything!,2022-12-11 01:44:06
858,695,,,,What do you call an alligator in a vest? An investigator!,2022-12-18 15:45:29
859,191,Why do we park in a driveway and drive on a parkway?,1,141,,2022-10-08 00:36:02
860,255,,,,it just let out a little wine!,2023-01-29 06:26:47
861,478,,,,it just let out a little wine!,2022-04-28 13:23:12
862,596,I'm not arguing,0,689,,2023-02-19 03:01:04
863,556,,,,Why did the coffee file a police report? It got mugged!,2022-07-29 11:38:07
864,632,,,,Why did the coffee file a police report? It got mugged!,2022-03-20 16:39:24
865,356,,,,Why don't skeletons fight each other? They don't have the guts!,2022-05-27 00:38:11
866,274,then skydiving isn't for you.,0,120,,2022-03-07 20:01:00
867,930,I'm just easier to see!,0,302,,2022-09-01 05:19:52
868,757,,,,What do you call an alligator in a vest? An investigator!,2022-09-30 12:00:42
869,920,,,,What did the grape say when it got stepped on? Nothing,2022-02-25 17:21:52
870,250,If money doesn't grow on trees,0,272,,2022-09-09 03:31:50
871,988,Why do we say heads up when we actually duck?,0,740,,2022-08-13 06:52:44
872,408,,,,Why did the tomato turn red? Because it saw the salad dressing!,2022-05-07 13:15:00
873,881,I'm just taking the floor for a hug!,1,431,,2022-10-03 13:56:52
874,722,I'm just easier to see!,0,847,,2022-10-03 13:24:27
875,567,If money doesn't grow on trees,0,681,,2023-02-16 10:53:01
876,522,,,,Why don't scientists trust atoms? Because they make up everything!,2022-12-25 13:59:58
877,794,I'm not arguing,0,351,,2022-09-26 11:59:38
878,453,,,,Why don't skeletons fight each other? They don't have the guts!,2022-04-04 16:20:53
879,458,,,,Why did the tomato turn red? Because it saw the salad dressing!,2022-09-12 00:27:24
880,653,,,,Why did the chicken cross the playground? To get to the other slide!,2023-01-30 22:11:40
881,935,I'm not short,1,630,,2022-10-06 06:51:38
882,812,I'm just easier to see!,1,91,,2023-02-17 23:57:24
883,440,I'm just on my own timezone.,1,724,,2023-02-02 19:30:01
884,204,,,,Why don't scientists trust atoms? Because they make up everything!,2022-06-18 11:33:11
885,150,then skydiving isn't for you.,0,890,,2023-01-28 02:14:15
886,419,then skydiving isn't for you.,0,939,,2022-06-30 00:47:07
887,598,,,,Why couldn't the bicycle stand up by itself? Because it was two-tired!,2022-06-04 04:13:15
888,465,then skydiving isn't for you.,0,992,,2022-02-26 17:37:17
889,31,,,,Why couldn't the bicycle stand up by itself? Because it was two-tired!,2023-02-04 04:55:03
890,955,I'm just taking the floor for a hug!,1,897,,2022-12-12 03:50:05
891,707,I'm just conserving energy.,1,883,,2022-12-10 21:45:49
892,705,,,,Why did the chicken cross the playground? To get to the other slide!,2022-10-23 11:36:14
893,521,,,,Why don't skeletons fight each other? They don't have the guts!,2022-03-13 19:23:23
894,17,,,,Why did the tomato turn red? Because it saw the salad dressing!,2022-05-02 14:42:40
895,1,I'm just taking the floor for a hug!,1,653,,2022-03-13 05:22:31
896,28,,,,What do you get when you cross a snowman and a shark? Frostbite!,2022-03-26 05:36:00
897,497,,,,Why don't scientists trust atoms? Because they make up everything!,2022-05-24 21:28:35
898,531,,,,Why don't scientists trust atoms? Because they make up everything!,2022-11-18 08:06:18
899,630,I'm not weird,0,115,,2022-09-10 01:58:18
900,781,,,,Why did the tomato turn red? Because it saw the salad dressing!,2022-06-20 02:47:45
901,721,I'm just on energy-saving mode.,1,837,,2022-11-23 17:22:44
902,22,,,,What do you get when you cross a snowman and a shark? Frostbite!,2022-02-17 04:07:16
903,797,I'm just using my outside voice.,1,852,,2023-02-10 21:04:53
904,853,,,,What do you get when you cross a snowman and a shark? Frostbite!,2022-02-26 08:49:51
905,831,,,,What do you get when you cross a snowman and a shark? Frostbite!,2022-08-19 23:11:03
906,9,,,,What did the grape say when it got stepped on? Nothing,2022-05-22 03:48:23
907,655,I'm just limited edition.,0,376,,2022-05-18 10:11:46
908,436,I'm not lazy,1,958,,2022-06-18 06:56:41
909,854,I'm not late,1,114,,2022-09-06 11:25:32
910,468,,,,Why don't scientists trust atoms? Because they make up everything!,2022-02-18 15:21:16
911,684,,,,it just let out a little wine!,2022-12-19 03:22:16
912,797,I'm not late,1,348,,2022-04-07 09:22:55
913,33,I'm not lazy,0,725,,2022-06-09 21:32:46
914,443,I'm just using my outside voice.,1,501,,2022-05-25 07:05:29
915,5,I'm just limited edition.,0,618,,2022-05-23 16:19:33
916,668,I'm not short,1,999,,2022-10-01 19:43:41
917,220,,,,I told my wife she was drawing her eyebrows too high. She looked surprised.,2022-03-19 09:24:44
918,439,I'm just concentrated awesome!,1,851,,2022-09-18 15:44:23
919,845,Why do they put locks on the doors of 24-hour stores?,0,592,,2022-08-17 00:30:36
920,497,,,,What do you call an alligator in a vest? An investigator!,2022-07-28 06:25:39
921,674,I'm not short,0,441,,2022-08-11 05:23:51
922,22,I'm just conserving energy.,1,918,,2022-11-10 00:08:21
923,682,Why do they call it rush hour when nothing moves?,0,941,,2022-10-15 05:49:04
924,828,Why do they call it rush hour when nothing moves?,0,283,,2022-04-06 06:10:37
925,622,I'm just on my own timezone.,0,883,,2022-02-16 02:10:22
926,876,,,,What do you call an alligator in a vest? An investigator!,2022-11-06 06:53:49
927,728,I'm just taking the floor for a hug!,0,583,,2022-06-30 23:02:14
928,347,,,,Why did the tomato turn red? Because it saw the salad dressing!,2022-08-16 12:04:08
929,584,If at first you don't succeed,1,204,,2022-02-22 23:02:54
930,762,Why do they call it rush hour when nothing moves?,0,251,,2023-02-19 02:01:43
931,134,I'm just explaining why I'm right.,0,25,,2023-01-28 00:45:12
932,351,,,,Why did the tomato turn red? Because it saw the salad dressing!,2022-11-18 13:42:44
933,50,,,,What did the grape say when it got stepped on? Nothing,2022-08-15 02:37:47
934,859,I'm not short,1,276,,2022-07-29 17:24:32
935,636,,,,What do you call an alligator in a vest? An investigator!,2022-08-24 00:37:04
936,943,I'm not fat,0,83,,2022-11-23 05:42:17
937,259,I'm just concentrated awesome!,0,295,,2022-07-12 19:35:08
938,144,,,,Why did the coffee file a police report? It got mugged!,2022-03-04 07:01:26
939,726,I'm just explaining why I'm right.,0,745,,2023-01-10 15:59:53
940,157,,,,What do you get when you cross a snowman and a shark? Frostbite!,2023-02-12 10:50:11
941,250,,,,I told my wife she was drawing her eyebrows too high. She looked surprised.,2022-03-13 02:48:50
942,31,,,,Why did the chicken cross the playground? To get to the other slide!,2022-08-08 08:11:31
943,204,,,,Why don't scientists trust atoms? Because they make up everything!,2022-03-13 07:03:06
944,502,,,,Why did the coffee file a police report? It got mugged!,2022-07-31 21:06:06
945,323,,,,Why did the chicken cross the playground? To get to the other slide!,2022-08-18 06:39:40
946,680,I'm just explaining why I'm right.,0,7,,2023-01-12 22:14:12
947,379,,,,Why did the tomato turn red? Because it saw the salad dressing!,2022-12-06 16:50:00
948,917,,,,What did the grape say when it got stepped on? Nothing,2022-04-12 19:28:09
949,993,I'm not clumsy,0,273,,2023-02-05 19:00:18
950,924,I'm just easier to see!,0,613,,2022-05-24 18:23:50
951,988,I'm just on energy-saving mode.,1,953,,2022-06-21 04:00:01
952,87,I'm not lazy,1,266,,2022-10-10 02:50:35
953,711,I'm just concentrated awesome!,0,633,,2022-07-02 07:23:12
954,921,,,,it just let out a little wine!,2022-12-09 22:27:46
955,653,I'm not fat,0,528,,2022-08-31 01:56:22
956,903,I'm not fat,1,154,,2022-11-15 23:12:45
957,7,I'm just on my own timezone.,0,623,,2022-12-25 20:39:54
958,762,I'm not clumsy,0,953,,2022-10-21 05:35:24
959,798,,,,What do you get when you cross a snowman and a shark? Frostbite!,2022-11-13 07:17:48
960,355,,,,Why don't scientists trust atoms? Because they make up everything!,2022-04-17 19:17:51
961,269,I'm just easier to see!,0,380,,2022-09-28 23:13:03
962,334,,,,Why don't skeletons fight each other? They don't have the guts!,2022-06-01 17:05:57
963,470,,,,Why did the coffee file a police report? It got mugged!,2023-01-27 15:49:57
964,446,then skydiving isn't for you.,0,758,,2022-03-18 11:26:45
965,699,,,,Why did the tomato turn red? Because it saw the salad dressing!,2023-01-26 23:15:18
966,828,Why do we say heads up when we actually duck?,0,283,,2022-11-10 00:37:31
967,307,,,,What do you call an alligator in a vest? An investigator!,2022-04-26 12:26:26
968,229,If at first you don't succeed,1,367,,2022-08-10 03:45:07
969,82,,,,What do you call an alligator in a vest? An investigator!,2022-11-29 18:19:24
970,732,,,,Why couldn't the bicycle stand up by itself? Because it was two-tired!,2023-01-13 07:08:42
971,288,Why do they put locks on the doors of 24-hour stores?,1,837,,2022-08-08 04:06:31
972,636,Why do we say heads up when we actually duck?,1,82,,2022-02-21 14:04:12
973,60,I'm just limited edition.,0,735,,2022-03-30 11:26:33
974,287,,,,it just let out a little wine!,2022-09-09 16:43:16
975,339,If money doesn't grow on trees,0,924,,2022-04-14 11:00:03
976,71,,,,Why did the tomato turn red? Because it saw the salad dressing!,2023-02-21 05:36:15
977,957,If at first you don't succeed,0,559,,2023-01-09 00:46:37
978,56,If at first you don't succeed,0,372,,2022-06-10 00:33:12
979,622,,,,Why don't scientists trust atoms? Because they make up everything!,2022-06-24 19:16:49
980,842,,,,What do you get when you cross a snowman and a shark? Frostbite!,2022-06-13 23:10:47
981,437,,,,it just let out a little wine!,2023-02-20 19:36:01
982,324,Why do we park in a driveway and drive on a parkway?,1,78,,2022-10-27 13:59:59
983,442,,,,Why don't scientists trust atoms? Because they make up everything!,2022-05-10 04:29:06
984,893,,,,Why did the chicken cross the playground? To get to the other slide!,2022-08-26 03:39:36
985,563,,,,I told my wife she was drawing her eyebrows too high. She looked surprised.,2023-01-24 13:43:29
986,491,I'm just concentrated awesome!,1,158,,2022-08-31 05:25:56
987,373,I'm not arguing,1,247,,2023-02-16 17:46:27
988,866,I'm just limited edition.,1,15,,2023-02-07 14:30:16
989,216,I'm just conserving energy.,1,157,,2022-08-12 06:28:43
990,305,,,,it just let out a little wine!,2022-12-07 04:11:22
991,132,Why do we park in a driveway and drive on a parkway?,0,418,,2022-05-23 08:16:37
992,323,I'm not lazy,0,442,,2022-05-17 10:15:49
993,190,I'm just conserving energy.,1,150,,2022-12-29 22:47:52
994,506,,,,Why don't skeletons fight each other? They don't have the guts!,2022-08-05 09:21:49
995,226,,,,Why did the chicken cross the playground? To get to the other slide!,2022-09-21 05:44:13
996,682,I'm just on energy-saving mode.,1,221,,2022-06-06 15:06:21
997,921,,,,Why did the chicken cross the playground? To get to the other slide!,2022-03-31 08:07:38
998,652,I'm just concentrated awesome!,0,478,,2023-02-22 19:03:54
999,159,,,,Why don't scientists trust atoms? Because they make up everything!,2022-11-11 12:14:54
1000,741,If at first you don't succeed,0,915,,2023-01-23 11:00:41